custom_id,id
left-0,walmart_581
left-1,walmart_1502
left-2,walmart_337
left-3,walmart_53
left-4,walmart_1560
left-5,walmart_2019
left-6,walmart_2422
left-7,walmart_155
left-8,walmart_261
left-9,walmart_25
left-10,walmart_483
left-11,walmart_376
left-12,walmart_1564
left-13,walmart_23
left-14,walmart_417
left-15,walmart_1241
left-16,walmart_1424
left-17,walmart_1532
left-18,walmart_978
left-19,walmart_576
left-20,walmart_99
left-21,walmart_1136
left-22,walmart_753
left-23,walmart_2251
left-24,walmart_700
left-25,walmart_284
left-26,walmart_725
left-27,walmart_2475
left-28,walmart_1605
left-29,walmart_887
left-30,walmart_967
left-31,walmart_1070
left-32,walmart_1178
left-33,walmart_2363
left-34,walmart_1531
left-35,walmart_462
left-36,walmart_1979
left-37,walmart_934
left-38,walmart_2525
left-39,walmart_1952
left-40,walmart_561
left-41,walmart_2253
left-42,walmart_6
left-43,walmart_1443
left-44,walmart_2224
left-45,walmart_2090
left-46,walmart_2133
left-47,walmart_2115
left-48,walmart_1513
left-49,walmart_1363
left-50,walmart_444
left-51,walmart_2546
left-52,walmart_2430
left-53,walmart_2305
left-54,walmart_1816
left-55,walmart_1689
left-56,walmart_673
left-57,walmart_1192
left-58,walmart_2433
left-59,walmart_1069
left-60,walmart_1761
left-61,walmart_2210
left-62,walmart_1454
left-63,walmart_1205
left-64,walmart_1792
left-65,walmart_144
left-66,walmart_1162
left-67,walmart_852
left-68,walmart_215
left-69,walmart_693
left-70,walmart_1963
left-71,walmart_2549
left-72,walmart_2487
left-73,walmart_2472
left-74,walmart_2018
left-75,walmart_278
left-76,walmart_2082
left-77,walmart_2548
left-78,walmart_896
left-79,walmart_2089
left-80,walmart_65
left-81,walmart_2088
left-82,walmart_16
left-83,walmart_920
left-84,walmart_742
left-85,walmart_678
left-86,walmart_497
left-87,walmart_547
left-88,walmart_1269
left-89,walmart_8
left-90,walmart_195
left-91,walmart_672
left-92,walmart_1934
left-93,walmart_81
left-94,walmart_312
left-95,walmart_2471
left-96,walmart_2229
left-97,walmart_1206
left-98,walmart_1530
left-99,walmart_1825
left-100,walmart_2431
left-101,walmart_67
left-102,walmart_1067
left-103,walmart_1850
left-104,walmart_1217
left-105,walmart_41
left-106,walmart_305
left-107,walmart_2230
left-108,walmart_2166
left-109,walmart_1699
left-110,walmart_255
left-111,walmart_1090
left-112,walmart_1342
left-113,walmart_1465
left-114,walmart_719
left-115,walmart_679
left-116,walmart_582
left-117,walmart_2504
left-118,walmart_2220
left-119,walmart_324
left-120,walmart_528
left-121,walmart_56
left-122,walmart_2260
left-123,walmart_2515
left-124,walmart_1701
left-125,walmart_1257
left-126,walmart_2365
left-127,walmart_2361
left-128,walmart_2297
left-129,walmart_378
left-130,walmart_1535
left-131,walmart_565
left-132,walmart_2349
left-133,walmart_708
left-134,walmart_2517
left-135,walmart_975
left-136,walmart_615
left-137,walmart_1863
left-138,walmart_2020
left-139,walmart_889
left-140,walmart_1688
left-141,walmart_1298
left-142,walmart_697
left-143,walmart_2149
left-144,walmart_1242
left-145,walmart_722
left-146,walmart_2055
left-147,walmart_218
left-148,walmart_1809
left-149,walmart_1435
left-150,walmart_818
left-151,walmart_2332
left-152,walmart_1570
left-153,walmart_1405
left-154,walmart_1511
left-155,walmart_1607
left-156,walmart_737
left-157,walmart_1246
left-158,walmart_208
left-159,walmart_1432
left-160,walmart_1506
left-161,walmart_2436
left-162,walmart_2116
left-163,walmart_794
left-164,walmart_280
left-165,walmart_2216
left-166,walmart_932
left-167,walmart_219
left-168,walmart_397
left-169,walmart_2461
left-170,walmart_2237
left-171,walmart_248
left-172,walmart_29
left-173,walmart_739
left-174,walmart_1349
left-175,walmart_382
left-176,walmart_1016
left-177,walmart_2484
left-178,walmart_2424
left-179,walmart_1169
left-180,walmart_1796
left-181,walmart_2160
left-182,walmart_918
left-183,walmart_878
left-184,walmart_2323
left-185,walmart_2091
left-186,walmart_621
left-187,walmart_137
left-188,walmart_1060
left-189,walmart_1191
left-190,walmart_2457
left-191,walmart_2069
left-192,walmart_671
left-193,walmart_1145
left-194,walmart_1296
left-195,walmart_2283
left-196,walmart_509
left-197,walmart_1382
left-198,walmart_2293
left-199,walmart_456
left-200,walmart_1657
left-201,walmart_2405
left-202,walmart_618
left-203,walmart_2508
left-204,walmart_2351
left-205,walmart_2193
left-206,walmart_944
left-207,walmart_747
left-208,walmart_2201
left-209,walmart_790
left-210,walmart_399
left-211,walmart_320
left-212,walmart_348
left-213,walmart_1271
left-214,walmart_1316
left-215,walmart_149
left-216,walmart_1712
left-217,walmart_315
left-218,walmart_1367
left-219,walmart_1984
left-220,walmart_32
left-221,walmart_1211
left-222,walmart_1284
left-223,walmart_2101
left-224,walmart_1408
left-225,walmart_1536
left-226,walmart_625
left-227,walmart_1120
left-228,walmart_1559
left-229,walmart_162
left-230,walmart_1959
left-231,walmart_2126
left-232,walmart_525
left-233,walmart_398
left-234,walmart_2389
left-235,walmart_2510
left-236,walmart_2394
left-237,walmart_1704
left-238,walmart_732
left-239,walmart_572
left-240,walmart_1260
left-241,walmart_1719
left-242,walmart_755
left-243,walmart_2541
left-244,walmart_820
left-245,walmart_595
left-246,walmart_131
left-247,walmart_428
left-248,walmart_2119
left-249,walmart_95
left-250,walmart_1103
left-251,walmart_705
left-252,walmart_988
left-253,walmart_1007
left-254,walmart_2341
left-255,walmart_1877
left-256,walmart_2264
left-257,walmart_1121
left-258,walmart_821
left-259,walmart_239
left-260,walmart_1631
left-261,walmart_1868
left-262,walmart_740
left-263,walmart_2107
left-264,walmart_244
left-265,walmart_1927
left-266,walmart_1508
left-267,walmart_883
left-268,walmart_1373
left-269,walmart_1413
left-270,walmart_1125
left-271,walmart_2439
left-272,walmart_1888
left-273,walmart_1418
left-274,walmart_626
left-275,walmart_2128
left-276,walmart_2159
left-277,walmart_1875
left-278,walmart_828
left-279,walmart_1851
left-280,walmart_702
left-281,walmart_853
left-282,walmart_123
left-283,walmart_634
left-284,walmart_1247
left-285,walmart_50
left-286,walmart_557
left-287,walmart_594
left-288,walmart_1077
left-289,walmart_1429
left-290,walmart_1784
left-291,walmart_175
left-292,walmart_512
left-293,walmart_2033
left-294,walmart_2242
left-295,walmart_448
left-296,walmart_2139
left-297,walmart_500
left-298,walmart_1932
left-299,walmart_1425
left-300,walmart_537
left-301,walmart_786
left-302,walmart_101
left-303,walmart_514
left-304,walmart_429
left-305,walmart_186
left-306,walmart_1672
left-307,walmart_2481
left-308,walmart_519
left-309,walmart_1571
left-310,walmart_102
left-311,walmart_1630
left-312,walmart_1879
left-313,walmart_1931
left-314,walmart_1066
left-315,walmart_1802
left-316,walmart_1438
left-317,walmart_998
left-318,walmart_2077
left-319,walmart_1600
left-320,walmart_1656
left-321,walmart_1154
left-322,walmart_2000
left-323,walmart_226
left-324,walmart_1354
left-325,walmart_1251
left-326,walmart_532
left-327,walmart_1098
left-328,walmart_64
left-329,walmart_13
left-330,walmart_1893
left-331,walmart_179
left-332,walmart_1882
left-333,walmart_2538
left-334,walmart_1091
left-335,walmart_864
left-336,walmart_2418
left-337,walmart_104
left-338,walmart_2535
left-339,walmart_599
left-340,walmart_751
left-341,walmart_838
left-342,walmart_458
left-343,walmart_2263
left-344,walmart_2462
left-345,walmart_294
left-346,walmart_79
left-347,walmart_1720
left-348,walmart_469
left-349,walmart_211
left-350,walmart_1365
left-351,walmart_2337
left-352,walmart_2231
left-353,walmart_467
left-354,walmart_266
left-355,walmart_2322
left-356,walmart_366
left-357,walmart_339
left-358,walmart_935
left-359,walmart_571
left-360,walmart_661
left-361,walmart_1594
left-362,walmart_1295
left-363,walmart_792
left-364,walmart_1776
left-365,walmart_1525
left-366,walmart_1010
left-367,walmart_2409
left-368,walmart_2063
left-369,walmart_2142
left-370,walmart_757
left-371,walmart_176
left-372,walmart_1999
left-373,walmart_856
left-374,walmart_681
left-375,walmart_2391
left-376,walmart_1440
left-377,walmart_669
left-378,walmart_1673
left-379,walmart_531
left-380,walmart_1403
left-381,walmart_466
left-382,walmart_2265
left-383,walmart_1827
left-384,walmart_15
left-385,walmart_1282
left-386,walmart_1681
left-387,walmart_2196
left-388,walmart_559
left-389,walmart_640
left-390,walmart_1686
left-391,walmart_2507
left-392,walmart_904
left-393,walmart_1519
left-394,walmart_1129
left-395,walmart_2343
left-396,walmart_1285
left-397,walmart_2002
left-398,walmart_1608
left-399,walmart_636
left-400,walmart_1348
left-401,walmart_900
left-402,walmart_1172
left-403,walmart_1813
left-404,walmart_1229
left-405,walmart_1545
left-406,walmart_1283
left-407,walmart_356
left-408,walmart_2342
left-409,walmart_925
left-410,walmart_1661
left-411,walmart_1977
left-412,walmart_465
left-413,walmart_1708
left-414,walmart_1151
left-415,walmart_199
left-416,walmart_1426
left-417,walmart_2412
left-418,walmart_1542
left-419,walmart_1131
left-420,walmart_22
left-421,walmart_1595
left-422,walmart_1522
left-423,walmart_1423
left-424,walmart_334
left-425,walmart_2147
left-426,walmart_805
left-427,walmart_1001
left-428,walmart_832
left-429,walmart_2274
left-430,walmart_1092
left-431,walmart_1646
left-432,walmart_2164
left-433,walmart_824
left-434,walmart_1507
left-435,walmart_1240
left-436,walmart_2371
left-437,walmart_2246
left-438,walmart_2464
left-439,walmart_660
left-440,walmart_1258
left-441,walmart_688
left-442,walmart_1602
left-443,walmart_201
left-444,walmart_769
left-445,walmart_709
left-446,walmart_1695
left-447,walmart_1997
left-448,walmart_803
left-449,walmart_1583
left-450,walmart_1360
left-451,walmart_1487
left-452,walmart_299
left-453,walmart_1987
left-454,walmart_2030
left-455,walmart_1910
left-456,walmart_1529
left-457,walmart_801
left-458,walmart_2379
left-459,walmart_2438
left-460,walmart_2542
left-461,walmart_362
left-462,walmart_1029
left-463,walmart_2192
left-464,walmart_117
left-465,walmart_424
left-466,walmart_1037
left-467,walmart_1611
left-468,walmart_1955
left-469,walmart_1944
left-470,walmart_1252
left-471,walmart_1534
left-472,walmart_1228
left-473,walmart_187
left-474,walmart_1872
left-475,walmart_1080
left-476,walmart_2249
left-477,walmart_814
left-478,walmart_1321
left-479,walmart_584
left-480,walmart_897
left-481,walmart_275
left-482,walmart_793
left-483,walmart_485
left-484,walmart_1641
left-485,walmart_84
left-486,walmart_2397
left-487,walmart_1197
left-488,walmart_1581
left-489,walmart_1945
left-490,walmart_1208
left-491,walmart_1526
left-492,walmart_2100
left-493,walmart_1528
left-494,walmart_92
left-495,walmart_19
left-496,walmart_2006
left-497,walmart_58
left-498,walmart_172
left-499,walmart_1853
left-500,walmart_539
left-501,walmart_717
left-502,walmart_224
left-503,walmart_1563
left-504,walmart_760
left-505,walmart_166
left-506,walmart_1000
left-507,walmart_342
left-508,walmart_759
left-509,walmart_2392
left-510,walmart_2429
left-511,walmart_1741
left-512,walmart_2501
left-513,walmart_1546
left-514,walmart_1626
left-515,walmart_1155
left-516,walmart_1643
left-517,walmart_1516
left-518,walmart_125
left-519,walmart_1833
left-520,walmart_1983
left-521,walmart_1862
left-522,walmart_677
left-523,walmart_1760
left-524,walmart_2340
left-525,walmart_2328
left-526,walmart_1824
left-527,walmart_2028
left-528,walmart_2404
left-529,walmart_2440
left-530,walmart_822
left-531,walmart_2502
left-532,walmart_480
left-533,walmart_1561
left-534,walmart_327
left-535,walmart_2395
left-536,walmart_1201
left-537,walmart_1193
left-538,walmart_2344
left-539,walmart_2225
left-540,walmart_1752
left-541,walmart_2402
left-542,walmart_1344
left-543,walmart_1711
left-544,walmart_148
left-545,walmart_530
left-546,walmart_2267
left-547,walmart_1745
left-548,walmart_614
left-549,walmart_1547
left-550,walmart_2037
left-551,walmart_213
left-552,walmart_2094
left-553,walmart_912
left-554,walmart_1301
left-555,walmart_1978
left-556,walmart_73
left-557,walmart_2477
left-558,walmart_1951
left-559,walmart_1467
left-560,walmart_507
left-561,walmart_238
left-562,walmart_2121
left-563,walmart_627
left-564,walmart_724
left-565,walmart_1292
left-566,walmart_1930
left-567,walmart_568
left-568,walmart_1737
left-569,walmart_346
left-570,walmart_1132
left-571,walmart_2017
left-572,walmart_2362
left-573,walmart_886
left-574,walmart_2052
left-575,walmart_545
left-576,walmart_1684
left-577,walmart_665
left-578,walmart_735
left-579,walmart_2144
left-580,walmart_316
left-581,walmart_2079
left-582,walmart_2085
left-583,walmart_1578
left-584,walmart_2443
left-585,walmart_1451
left-586,walmart_1815
left-587,walmart_1073
left-588,walmart_2292
left-589,walmart_855
left-590,walmart_107
left-591,walmart_1485
left-592,walmart_816
left-593,walmart_556
left-594,walmart_991
left-595,walmart_2080
left-596,walmart_2071
left-597,walmart_243
left-598,walmart_2476
left-599,walmart_871
left-600,walmart_1102
left-601,walmart_1141
left-602,walmart_1479
left-603,walmart_623
left-604,walmart_1280
left-605,walmart_1869
left-606,walmart_1194
left-607,walmart_253
left-608,walmart_1334
left-609,walmart_787
left-610,walmart_1958
left-611,walmart_2163
left-612,walmart_2408
left-613,walmart_2188
left-614,walmart_768
left-615,walmart_1740
left-616,walmart_2154
left-617,walmart_699
left-618,walmart_2209
left-619,walmart_70
left-620,walmart_797
left-621,walmart_1839
left-622,walmart_1483
left-623,walmart_510
left-624,walmart_2448
left-625,walmart_2122
left-626,walmart_597
left-627,walmart_1048
left-628,walmart_1498
left-629,walmart_1130
left-630,walmart_683
left-631,walmart_720
left-632,walmart_2407
left-633,walmart_1456
left-634,walmart_2390
left-635,walmart_2112
left-636,walmart_7
left-637,walmart_1026
left-638,walmart_1933
left-639,walmart_277
left-640,walmart_546
left-641,walmart_1891
left-642,walmart_1640
left-643,walmart_994
left-644,walmart_1964
left-645,walmart_242
left-646,walmart_136
left-647,walmart_2190
left-648,walmart_1666
left-649,walmart_1439
left-650,walmart_2211
left-651,walmart_837
left-652,walmart_1781
left-653,walmart_971
left-654,walmart_2093
left-655,walmart_589
left-656,walmart_1962
left-657,walmart_917
left-658,walmart_542
left-659,walmart_2396
left-660,walmart_752
left-661,walmart_2114
left-662,walmart_1791
left-663,walmart_51
left-664,walmart_2106
left-665,walmart_1022
left-666,walmart_410
left-667,walmart_1628
left-668,walmart_1972
left-669,walmart_1108
left-670,walmart_1992
left-671,walmart_182
left-672,walmart_1647
left-673,walmart_1822
left-674,walmart_2123
left-675,walmart_1170
left-676,walmart_1463
left-677,walmart_1315
left-678,walmart_2435
left-679,walmart_940
left-680,walmart_1654
left-681,walmart_1106
left-682,walmart_228
left-683,walmart_960
left-684,walmart_788
left-685,walmart_2446
left-686,walmart_1995
left-687,walmart_899
left-688,walmart_2299
left-689,walmart_1213
left-690,walmart_2062
left-691,walmart_1486
left-692,walmart_1044
left-693,walmart_961
left-694,walmart_869
left-695,walmart_389
left-696,walmart_947
left-697,walmart_922
left-698,walmart_1702
left-699,walmart_1810
left-700,walmart_151
left-701,walmart_1739
left-702,walmart_1621
left-703,walmart_1317
left-704,walmart_1915
left-705,walmart_745
left-706,walmart_1293
left-707,walmart_632
left-708,walmart_2
left-709,walmart_432
left-710,walmart_598
left-711,walmart_1133
left-712,walmart_541
left-713,walmart_734
left-714,walmart_2284
left-715,walmart_1937
left-716,walmart_1391
left-717,walmart_638
left-718,walmart_846
left-719,walmart_1975
left-720,walmart_2434
left-721,walmart_2518
left-722,walmart_2262
left-723,walmart_2238
left-724,walmart_419
left-725,walmart_1265
left-726,walmart_1135
left-727,walmart_209
left-728,walmart_1858
left-729,walmart_1075
left-730,walmart_1733
left-731,walmart_544
left-732,walmart_2185
left-733,walmart_94
left-734,walmart_941
left-735,walmart_1270
left-736,walmart_66
left-737,walmart_1649
left-738,walmart_1774
left-739,walmart_1949
left-740,walmart_62
left-741,walmart_307
left-742,walmart_1484
left-743,walmart_421
left-744,walmart_2270
left-745,walmart_2208
left-746,walmart_184
left-747,walmart_387
left-748,walmart_265
left-749,walmart_93
left-750,walmart_781
left-751,walmart_1558
left-752,walmart_2449
left-753,walmart_1183
left-754,walmart_1729
left-755,walmart_336
left-756,walmart_2072
left-757,walmart_1209
left-758,walmart_1415
left-759,walmart_943
left-760,walmart_1366
left-761,walmart_2372
left-762,walmart_1362
left-763,walmart_128
left-764,walmart_2222
left-765,walmart_1988
left-766,walmart_1614
left-767,walmart_1153
left-768,walmart_577
left-769,walmart_1199
left-770,walmart_1747
left-771,walmart_14
left-772,walmart_353
left-773,walmart_2058
left-774,walmart_2445
left-775,walmart_1398
left-776,walmart_30
left-777,walmart_40
left-778,walmart_662
left-779,walmart_1128
left-780,walmart_1668
left-781,walmart_1841
left-782,walmart_823
left-783,walmart_2050
left-784,walmart_1509
left-785,walmart_145
left-786,walmart_363
left-787,walmart_611
left-788,walmart_1861
left-789,walmart_1210
left-790,walmart_2479
left-791,walmart_1081
left-792,walmart_1920
left-793,walmart_1148
left-794,walmart_1268
left-795,walmart_1860
left-796,walmart_1417
left-797,walmart_1714
left-798,walmart_2255
left-799,walmart_2191
left-800,walmart_1481
left-801,walmart_1230
left-802,walmart_1233
left-803,walmart_1340
left-804,walmart_703
left-805,walmart_463
left-806,walmart_909
left-807,walmart_235
left-808,walmart_451
left-809,walmart_1973
left-810,walmart_2054
left-811,walmart_1225
left-812,walmart_1356
left-813,walmart_890
left-814,walmart_47
left-815,walmart_1441
left-816,walmart_1884
left-817,walmart_592
left-818,walmart_2151
left-819,walmart_1397
left-820,walmart_517
left-821,walmart_770
left-822,walmart_2316
left-823,walmart_1957
left-824,walmart_927
left-825,walmart_495
left-826,walmart_1353
left-827,walmart_475
left-828,walmart_1671
left-829,walmart_2241
left-830,walmart_1907
left-831,walmart_1188
left-832,walmart_501
left-833,walmart_931
left-834,walmart_1345
left-835,walmart_711
left-836,walmart_1473
left-837,walmart_698
left-838,walmart_1099
left-839,walmart_1248
left-840,walmart_578
left-841,walmart_1909
left-842,walmart_1852
left-843,walmart_1320
left-844,walmart_181
left-845,walmart_966
left-846,walmart_178
left-847,walmart_2401
left-848,walmart_1475
left-849,walmart_692
left-850,walmart_1171
left-851,walmart_1036
left-852,walmart_2311
left-853,walmart_1616
left-854,walmart_874
left-855,walmart_921
left-856,walmart_2514
left-857,walmart_2272
left-858,walmart_1917
left-859,walmart_490
left-860,walmart_49
left-861,walmart_2167
left-862,walmart_1471
left-863,walmart_1455
left-864,walmart_1653
left-865,walmart_217
left-866,walmart_1793
left-867,walmart_2001
left-868,walmart_1504
left-869,walmart_765
left-870,walmart_2056
left-871,walmart_2218
left-872,walmart_295
left-873,walmart_857
left-874,walmart_150
left-875,walmart_1272
left-876,walmart_2306
left-877,walmart_836
left-878,walmart_1705
left-879,walmart_2155
left-880,walmart_1447
left-881,walmart_1591
left-882,walmart_322
left-883,walmart_1901
left-884,walmart_1539
left-885,walmart_2199
left-886,walmart_1009
left-887,walmart_1866
left-888,walmart_612
left-889,walmart_2076
left-890,walmart_414
left-891,walmart_80
left-892,walmart_993
left-893,walmart_1694
left-894,walmart_1753
left-895,walmart_1899
left-896,walmart_523
left-897,walmart_415
left-898,walmart_2432
left-899,walmart_1953
left-900,walmart_898
left-901,walmart_2400
left-902,walmart_2374
left-903,walmart_283
left-904,walmart_1195
left-905,walmart_2165
left-906,walmart_2145
left-907,walmart_2257
left-908,walmart_1311
left-909,walmart_2317
left-910,walmart_1550
left-911,walmart_97
left-912,walmart_1805
left-913,walmart_908
left-914,walmart_776
left-915,walmart_1726
left-916,walmart_2478
left-917,walmart_330
left-918,walmart_54
left-919,walmart_2537
left-920,walmart_1624
left-921,walmart_1300
left-922,walmart_2527
left-923,walmart_1632
left-924,walmart_635
left-925,walmart_2023
left-926,walmart_1527
left-927,walmart_1198
left-928,walmart_2078
left-929,walmart_1457
left-930,walmart_2043
left-931,walmart_292
left-932,walmart_1402
left-933,walmart_1537
left-934,walmart_1031
left-935,walmart_2061
left-936,walmart_851
left-937,walmart_2492
left-938,walmart_2469
left-939,walmart_2266
left-940,walmart_1223
left-941,walmart_290
left-942,walmart_1779
left-943,walmart_394
left-944,walmart_249
left-945,walmart_496
left-946,walmart_2331
left-947,walmart_1419
left-948,walmart_968
left-949,walmart_2186
left-950,walmart_744
left-951,walmart_1887
left-952,walmart_2540
left-953,walmart_741
left-954,walmart_1834
left-955,walmart_2531
left-956,walmart_1908
left-957,walmart_319
left-958,walmart_34
left-959,walmart_2483
left-960,walmart_374
left-961,walmart_2324
left-962,walmart_862
left-963,walmart_1674
left-964,walmart_106
left-965,walmart_1393
left-966,walmart_1437
left-967,walmart_2295
left-968,walmart_1956
left-969,walmart_1062
left-970,walmart_447
left-971,walmart_1200
left-972,walmart_911
left-973,walmart_229
left-974,walmart_1237
left-975,walmart_1184
left-976,walmart_973
left-977,walmart_938
left-978,walmart_1589
left-979,walmart_2049
left-980,walmart_641
left-981,walmart_804
left-982,walmart_1453
left-983,walmart_513
left-984,walmart_37
left-985,walmart_360
left-986,walmart_2248
left-987,walmart_1842
left-988,walmart_1323
left-989,walmart_69
left-990,walmart_1577
left-991,walmart_1030
left-992,walmart_2048
left-993,walmart_124
left-994,walmart_2296
left-995,walmart_2503
left-996,walmart_774
left-997,walmart_2345
left-998,walmart_2437
left-999,walmart_1011
left-1000,walmart_258
left-1001,walmart_120
left-1002,walmart_807
left-1003,walmart_1468
left-1004,walmart_2130
left-1005,walmart_1966
left-1006,walmart_1286
left-1007,walmart_1430
left-1008,walmart_617
left-1009,walmart_1245
left-1010,walmart_1021
left-1011,walmart_2143
left-1012,walmart_2522
left-1013,walmart_2046
left-1014,walmart_2039
left-1015,walmart_1870
left-1016,walmart_2236
left-1017,walmart_1489
left-1018,walmart_1028
left-1019,walmart_2008
left-1020,walmart_630
left-1021,walmart_782
left-1022,walmart_954
left-1023,walmart_658
left-1024,walmart_1017
left-1025,walmart_916
left-1026,walmart_2368
left-1027,walmart_1372
left-1028,walmart_1338
left-1029,walmart_652
left-1030,walmart_276
left-1031,walmart_2254
left-1032,walmart_2520
left-1033,walmart_1236
left-1034,walmart_2544
left-1035,walmart_620
left-1036,walmart_2327
left-1037,walmart_1510
left-1038,walmart_405
left-1039,walmart_645
left-1040,walmart_2364
left-1041,walmart_2259
left-1042,walmart_706
left-1043,walmart_861
left-1044,walmart_2105
left-1045,walmart_1324
left-1046,walmart_159
left-1047,walmart_2387
left-1048,walmart_2152
left-1049,walmart_2195
left-1050,walmart_2103
left-1051,walmart_2304
left-1052,walmart_1276
left-1053,walmart_203
left-1054,walmart_492
left-1055,walmart_1553
left-1056,walmart_365
left-1057,walmart_310
left-1058,walmart_36
left-1059,walmart_527
left-1060,walmart_1771
left-1061,walmart_616
left-1062,walmart_214
left-1063,walmart_588
left-1064,walmart_810
left-1065,walmart_122
left-1066,walmart_1751
left-1067,walmart_1651
left-1068,walmart_1926
left-1069,walmart_21
left-1070,walmart_2146
left-1071,walmart_2450
left-1072,walmart_644
left-1073,walmart_86
left-1074,walmart_1134
left-1075,walmart_809
left-1076,walmart_992
left-1077,walmart_1835
left-1078,walmart_1112
left-1079,walmart_1176
left-1080,walmart_1262
left-1081,walmart_802
left-1082,walmart_701
left-1083,walmart_2250
left-1084,walmart_796
left-1085,walmart_2353
left-1086,walmart_1014
left-1087,walmart_5
left-1088,walmart_194
left-1089,walmart_1831
left-1090,walmart_1299
left-1091,walmart_1058
left-1092,walmart_1359
left-1093,walmart_624
left-1094,walmart_1767
left-1095,walmart_1466
left-1096,walmart_1061
left-1097,walmart_1312
left-1098,walmart_1551
left-1099,walmart_687
left-1100,walmart_924
left-1101,walmart_481
left-1102,walmart_1165
left-1103,walmart_1459
left-1104,walmart_177
left-1105,walmart_1249
left-1106,walmart_1477
left-1107,walmart_1592
left-1108,walmart_865
left-1109,walmart_2511
left-1110,walmart_2375
left-1111,walmart_1294
left-1112,walmart_2009
left-1113,walmart_680
left-1114,walmart_2539
left-1115,walmart_1806
left-1116,walmart_811
left-1117,walmart_205
left-1118,walmart_1939
left-1119,walmart_2097
left-1120,walmart_2381
left-1121,walmart_2470
left-1122,walmart_579
left-1123,walmart_949
left-1124,walmart_1716
left-1125,walmart_2040
left-1126,walmart_684
left-1127,walmart_1123
left-1128,walmart_891
left-1129,walmart_736
left-1130,walmart_1921
left-1131,walmart_629
left-1132,walmart_1025
left-1133,walmart_2393
left-1134,walmart_1894
left-1135,walmart_317
left-1136,walmart_204
left-1137,walmart_2426
left-1138,walmart_1057
left-1139,walmart_1846
left-1140,walmart_129
left-1141,walmart_902
left-1142,walmart_134
left-1143,walmart_2141
left-1144,walmart_2158
left-1145,walmart_1832
left-1146,walmart_903
left-1147,walmart_438
left-1148,walmart_2465
left-1149,walmart_207
left-1150,walmart_146
left-1151,walmart_695
left-1152,walmart_1182
left-1153,walmart_606
left-1154,walmart_57
left-1155,walmart_1700
left-1156,walmart_1844
left-1157,walmart_2482
left-1158,walmart_396
left-1159,walmart_2467
left-1160,walmart_257
left-1161,walmart_264
left-1162,walmart_2370
left-1163,walmart_274
left-1164,walmart_600
left-1165,walmart_879
left-1166,walmart_1573
left-1167,walmart_291
left-1168,walmart_2219
left-1169,walmart_2474
left-1170,walmart_1256
left-1171,walmart_2245
left-1172,walmart_585
left-1173,walmart_1948
left-1174,walmart_2318
left-1175,walmart_10
left-1176,walmart_2239
left-1177,walmart_2083
left-1178,walmart_785
left-1179,walmart_710
left-1180,walmart_2223
left-1181,walmart_2466
left-1182,walmart_2451
left-1183,walmart_1738
left-1184,walmart_670
left-1185,walmart_2156
left-1186,walmart_1968
left-1187,walmart_1847
left-1188,walmart_2194
left-1189,walmart_140
left-1190,walmart_2536
left-1191,walmart_370
left-1192,walmart_1117
left-1193,walmart_1980
left-1194,walmart_1845
left-1195,walmart_1224
left-1196,walmart_707
left-1197,walmart_225
left-1198,walmart_452
left-1199,walmart_1803
left-1200,walmart_2021
left-1201,walmart_1049
left-1202,walmart_246
left-1203,walmart_1637
left-1204,walmart_714
left-1205,walmart_715
left-1206,walmart_2275
left-1207,walmart_260
left-1208,walmart_1138
left-1209,walmart_1410
left-1210,walmart_1994
left-1211,walmart_82
left-1212,walmart_1904
left-1213,walmart_2378
left-1214,walmart_1996
left-1215,walmart_1088
left-1216,walmart_2301
left-1217,walmart_222
left-1218,walmart_333
left-1219,walmart_1789
left-1220,walmart_1104
left-1221,walmart_1137
left-1222,walmart_459
left-1223,walmart_340
left-1224,walmart_1493
left-1225,walmart_1936
left-1226,walmart_1730
left-1227,walmart_1871
left-1228,walmart_948
left-1229,walmart_1703
left-1230,walmart_2025
left-1231,walmart_2125
left-1232,walmart_91
left-1233,walmart_1633
left-1234,walmart_2459
left-1235,walmart_234
left-1236,walmart_2243
left-1237,walmart_664
left-1238,walmart_1864
left-1239,walmart_1235
left-1240,walmart_2117
left-1241,walmart_78
left-1242,walmart_2075
left-1243,walmart_2074
left-1244,walmart_418
left-1245,walmart_2012
left-1246,walmart_1407
left-1247,walmart_928
left-1248,walmart_1313
left-1249,walmart_1512
left-1250,walmart_1924
left-1251,walmart_1728
left-1252,walmart_1024
left-1253,walmart_303
left-1254,walmart_915
left-1255,walmart_1725
left-1256,walmart_841
left-1257,walmart_1306
left-1258,walmart_2488
left-1259,walmart_1650
left-1260,walmart_1897
left-1261,walmart_649
left-1262,walmart_1140
left-1263,walmart_1187
left-1264,walmart_1718
left-1265,walmart_1843
left-1266,walmart_2468
left-1267,walmart_1190
left-1268,walmart_639
left-1269,walmart_648
left-1270,walmart_965
left-1271,walmart_726
left-1272,walmart_2315
left-1273,walmart_905
left-1274,walmart_108
left-1275,walmart_895
left-1276,walmart_326
left-1277,walmart_191
left-1278,walmart_2132
left-1279,walmart_848
left-1280,walmart_1167
left-1281,walmart_1399
left-1282,walmart_2124
left-1283,walmart_1175
left-1284,walmart_90
left-1285,walmart_2113
left-1286,walmart_20
left-1287,walmart_550
left-1288,walmart_1267
left-1289,walmart_1107
left-1290,walmart_1412
left-1291,walmart_2552
left-1292,walmart_1576
left-1293,walmart_1488
left-1294,walmart_2213
left-1295,walmart_829
left-1296,walmart_221
left-1297,walmart_281
left-1298,walmart_1071
left-1299,walmart_2294
left-1300,walmart_936
left-1301,walmart_2221
left-1302,walmart_139
left-1303,walmart_575
left-1304,walmart_2127
left-1305,walmart_1163
left-1306,walmart_1905
left-1307,walmart_1119
left-1308,walmart_1297
left-1309,walmart_893
left-1310,walmart_2014
left-1311,walmart_434
left-1312,walmart_1394
left-1313,walmart_691
left-1314,walmart_1652
left-1315,walmart_983
left-1316,walmart_1886
left-1317,walmart_1406
left-1318,walmart_1660
left-1319,walmart_433
left-1320,walmart_2180
left-1321,walmart_1601
left-1322,walmart_237
left-1323,walmart_1727
left-1324,walmart_986
left-1325,walmart_2357
left-1326,walmart_2428
left-1327,walmart_555
left-1328,walmart_271
left-1329,walmart_2150
left-1330,walmart_1385
left-1331,walmart_1404
left-1332,walmart_121
left-1333,walmart_1609
left-1334,walmart_771
left-1335,walmart_2543
left-1336,walmart_1149
left-1337,walmart_1462
left-1338,walmart_2051
left-1339,walmart_2326
left-1340,walmart_564
left-1341,walmart_1565
left-1342,walmart_970
left-1343,walmart_2179
left-1344,walmart_2496
left-1345,walmart_974
left-1346,walmart_1768
left-1347,walmart_1549
left-1348,walmart_573
left-1349,walmart_354
left-1350,walmart_88
left-1351,walmart_313
left-1352,walmart_453
left-1353,walmart_1400
left-1354,walmart_1064
left-1355,walmart_1218
left-1356,walmart_1226
left-1357,walmart_484
left-1358,walmart_1390
left-1359,walmart_1812
left-1360,walmart_955
left-1361,walmart_996
left-1362,walmart_1370
left-1363,walmart_950
left-1364,walmart_388
left-1365,walmart_563
left-1366,walmart_558
left-1367,walmart_1552
left-1368,walmart_72
left-1369,walmart_2336
left-1370,walmart_570
left-1371,walmart_130
left-1372,walmart_723
left-1373,walmart_1074
left-1374,walmart_2497
left-1375,walmart_1706
left-1376,walmart_1289
left-1377,walmart_2276
left-1378,walmart_1837
left-1379,walmart_457
left-1380,walmart_1961
left-1381,walmart_2523
left-1382,walmart_1707
left-1383,walmart_126
left-1384,walmart_522
left-1385,walmart_352
left-1386,walmart_351
left-1387,walmart_2092
left-1388,walmart_656
left-1389,walmart_1683
left-1390,walmart_2031
left-1391,walmart_884
left-1392,walmart_526
left-1393,walmart_2235
left-1394,walmart_1520
left-1395,walmart_2027
left-1396,walmart_1790
left-1397,walmart_289
left-1398,walmart_1096
left-1399,walmart_185
left-1400,walmart_1056
left-1401,walmart_489
left-1402,walmart_529
left-1403,walmart_1713
left-1404,walmart_1772
left-1405,walmart_1942
left-1406,walmart_979
left-1407,walmart_926
left-1408,walmart_1548
left-1409,walmart_38
left-1410,walmart_1291
left-1411,walmart_1943
left-1412,walmart_721
left-1413,walmart_173
left-1414,walmart_1606
left-1415,walmart_1093
left-1416,walmart_2081
left-1417,walmart_2441
left-1418,walmart_3
left-1419,walmart_2360
left-1420,walmart_165
left-1421,walmart_1377
left-1422,walmart_446
left-1423,walmart_472
left-1424,walmart_309
left-1425,walmart_391
left-1426,walmart_1186
left-1427,walmart_696
left-1428,walmart_997
left-1429,walmart_1533
left-1430,walmart_454
left-1431,walmart_455
left-1432,walmart_2339
left-1433,walmart_1836
left-1434,walmart_1189
left-1435,walmart_1615
left-1436,walmart_470
left-1437,walmart_894
left-1438,walmart_1040
left-1439,walmart_987
left-1440,walmart_1038
left-1441,walmart_2234
left-1442,walmart_728
left-1443,walmart_2013
left-1444,walmart_61
left-1445,walmart_439
left-1446,walmart_2183
left-1447,walmart_1584
left-1448,walmart_2414
left-1449,walmart_2053
left-1450,walmart_114
left-1451,walmart_2138
left-1452,walmart_1164
left-1453,walmart_2319
left-1454,walmart_919
left-1455,walmart_1710
left-1456,walmart_1892
left-1457,walmart_1177
left-1458,walmart_1414
left-1459,walmart_2184
left-1460,walmart_713
left-1461,walmart_906
left-1462,walmart_1105
left-1463,walmart_655
left-1464,walmart_1697
left-1465,walmart_2473
left-1466,walmart_1111
left-1467,walmart_1478
left-1468,walmart_247
left-1469,walmart_297
left-1470,walmart_1052
left-1471,walmart_2273
left-1472,walmart_591
left-1473,walmart_2096
left-1474,walmart_1384
left-1475,walmart_1318
left-1476,walmart_2356
left-1477,walmart_877
left-1478,walmart_2377
left-1479,walmart_2489
left-1480,walmart_364
left-1481,walmart_1325
left-1482,walmart_2369
left-1483,walmart_287
left-1484,walmart_395
left-1485,walmart_1770
left-1486,walmart_1476
left-1487,walmart_390
left-1488,walmart_154
left-1489,walmart_1766
left-1490,walmart_2335
left-1491,walmart_2321
left-1492,walmart_302
left-1493,walmart_548
left-1494,walmart_2526
left-1495,walmart_1266
left-1496,walmart_491
left-1497,walmart_1919
left-1498,walmart_413
left-1499,walmart_411
left-1500,walmart_474
left-1501,walmart_2047
left-1502,walmart_1378
left-1503,walmart_1127
left-1504,walmart_2003
left-1505,walmart_866
left-1506,walmart_1625
left-1507,walmart_1287
left-1508,walmart_1732
left-1509,walmart_231
left-1510,walmart_473
left-1511,walmart_1990
left-1512,walmart_164
left-1513,walmart_1072
left-1514,walmart_1898
left-1515,walmart_1168
left-1516,walmart_1474
left-1517,walmart_562
left-1518,walmart_870
left-1519,walmart_613
left-1520,walmart_694
left-1521,walmart_304
left-1522,walmart_1982
left-1523,walmart_1244
left-1524,walmart_784
left-1525,walmart_377
left-1526,walmart_663
left-1527,walmart_2029
left-1528,walmart_2207
left-1529,walmart_2024
left-1530,walmart_1890
left-1531,walmart_272
left-1532,walmart_1083
left-1533,walmart_959
left-1534,walmart_1109
left-1535,walmart_1736
left-1536,walmart_2302
left-1537,walmart_2005
left-1538,walmart_1159
left-1539,walmart_461
left-1540,walmart_1263
left-1541,walmart_1946
left-1542,walmart_502
left-1543,walmart_189
left-1544,walmart_657
left-1545,walmart_892
left-1546,walmart_138
left-1547,walmart_840
left-1548,walmart_2367
left-1549,walmart_1380
left-1550,walmart_476
left-1551,walmart_1523
left-1552,walmart_1777
left-1553,walmart_1742
left-1554,walmart_1758
left-1555,walmart_716
left-1556,walmart_1569
left-1557,walmart_1196
left-1558,walmart_1971
left-1559,walmart_1357
left-1560,walmart_2136
left-1561,walmart_192
left-1562,walmart_654
left-1563,walmart_1460
left-1564,walmart_2456
left-1565,walmart_1346
left-1566,walmart_1005
left-1567,walmart_479
left-1568,walmart_819
left-1569,walmart_540
left-1570,walmart_885
left-1571,walmart_160
left-1572,walmart_2314
left-1573,walmart_1593
left-1574,walmart_1960
left-1575,walmart_989
left-1576,walmart_872
left-1577,walmart_1562
left-1578,walmart_775
